fran,6
compatrio,4
hexagon,1
outrem,1
fidl,1
trad,1
heu,1
tou,19
vo,4
an,8
ouv,2
pargn,1
mo,5
inten,1
na,1
connu,1
grand,11
mom,1
victo,1
sportiv,1
centena,1
armistic,1
occasion,1
prem,3
minist,1
gouvern,2
parl,5
beaucoup,2
pa,13
num,1
nomb,4
transform,2
pen,4
alo,6
jug,1
impossibl,1
comm,8
travail,9
chemin,1
men,2
bien,3
lanc,1
ac,2
for,2
col,6
unive,1
apprentis,1
altern,1
attractiv,1
po,2
stratg,1
ambi,1
amlio,1
organ,2
hpital,1
clinic,1
mdecin,3
lut,2
cont,8
rchaufv,2
climatic,2
radic,1
pauvr,1
concitoyen,3
situ,2
handicap,1
trouv,2
plac,2
soc,6
rsul,1
peuv,1
immd,1
impa,2
sau,1
justiv,1
aucun,2
renonc,1
poursuiv,2
anc,1
rform,1
quotidien,5
aus,10
chang,6
profondeu,1
indemn,1
afin,2
inci,1
davan,2
reprend,1
secteu,1
public,3
rend,2
plu,16
efficac,1
systm,2
retr,2
jus,1
fond,2
nouv,5
xxim,1
sicl,1
vcu,1
ven,3
loin,2
injustic,1
cou,3
parfo,4
incomprhensibl,1
administrativ,1
devenu,1
trop,3
comple,1
bienveil,1
profond,3
interrog,1
id,1
sen,3
y,3
exc,1
dbord,1
rsign,1
veu,1
aven,4
meilleu,1
repo,2
capac,2
inv,2
man,2
ensembl,2
leon,1
voul,4
dfend,1
idal,1
innov,2
plan,1
dmocratic,2
social,2
politic,1
conomic,1
environnemental,1
dang,1
condu,2
igno,1
mond,4
entou,1
contra,1
cer,1
train,3
mal,3
ord,4
international,1
rem,1
cau,1
puis,2
malmen,1
certain,3
al,2
partou,4
europ,3
mon,1
extrm,1
tand,1
interven,1
trang,2
tatic,1
priv,1
multipl,1
mig,2
inqui,1
instrumental,1
dmagog,1
phnomn,1
ces,3
demain,1
comp,1
tenu,1
dmograph,1
mondial,2
lu,3
biodive,1
nces,1
jam,1
entrav,1
surmon,1
gosm,1
int,3
particul,3
obscuran,1
terro,1
islam,1
continu,2
contin,1
dplo,1
quelc,2
semain,2
strasbourg,1
enco,3
frapp,2
du,2
achv,1
enfin,2
technologic,1
rang,1
desc,1
intellig,1
artific,1
rapid,1
soign,3
dplac,1
form,3
produ,2
bouleve,1
capital,1
ultralibral,1
financ,1
souv,1
guid,3
term,1
avid,1
quelquesun,1
fin,3
civil,1
occidental,1
europen,5
fautil,1
dsesp,1
cro,8
immen,1
vid,2
prcism,3
jou,4
vision,1
propo,2
lign,1
trac,1
depu,2
mand,1
entend,1
remett,1
homm,1
coeu,1
proj,7
contemporain,1
suppo,3
cons,1
intim,1
convaincu,2
profondm,4
aud,1
front,1
prend,2
toujou,2
renais,1
pourquo,1
dcisiv,1
tro,1
abord,1
voeu,8
ou,1
souhai,1
oubl,1
rien,2
mensong,1
ambig,1
o,1
do,6
instal,2
frag,1
ral,3
moin,1
gagn,1
bais,1
imp,1
accrot,1
dpen,3
hab,1
resp,1
a,1
pu,3
non,1
suj,2
regard,1
accep,1
fac,1
viv,9
conom,1
infrastruc,1
parm,2
meil,2
presc,1
scola,1
env,3
co,1
faibl,1
dvelopp,1
avo,3
acc,1
excel,1
fonction,1
inves,2
moi,1
chac,4
dconsid,1
solida,2
exis,1
faud,2
pouv,2
dev,3
servic,2
res,1
besoin,1
manc,2
campagn,1
vil,1
quar,2
tlphon,1
por,4
intern,1
surtou,2
scu,2
tranquil,1
veil,1
national,2
at,1
celu,1
demeu,1
dmocra,2
robus,1
protg,3
inform,2
manipul,1
into,1
fal,1
ga,1
lorsc,1
sou,1
impulsion,1
rseal,1
cul,1
immdi,1
im,1
commenta,1
perman,1
indispen,2
reb,1
conv,2
transpa,1
thic,1
dialog,2
humil,1
chacun,10
ent,3
fourvo,1
erreu,1
quand,1
affirm,1
confron,1
argum,1
aut,2
dbat,1
nat,1
util,1
un,3
deuxim,1
dign,5
citoyen,3
ncessa,1
respec,5
consid,1
empch,1
famil,4
lev,1
seul,1
parven,1
agricul,1
veul,1
modes,1
aid,1
charg,1
commenc,3
appor,2
lgitim,1
implic,1
pouvo,2
accd,2
duc,2
cellec,1
constru,1
devo,1
sien,1
rtabl,1
responsabil,1
effo,2
bloc,1
e,2
reconn,1
suff,1
enferm,1
exig,2
plein,1
acteu,1
trav,1
rep,2
direc,1
redon,2
vital,1
institu,1
doiv,1
volu,1
vu,1
dern,3
temp,1
impen,1
entendu,1
inaccep,1
lib,2
parc,3
prcd,1
battu,1
sub,2
despo,1
tyran,1
requ,1
rpublicain,2
opin,1
pren,2
prtex,1
nom,1
peupl,4
portevo,1
foul,1
hain,1
forc,1
journal,1
juiv,1
homosexu,1
simpl,1
souverain,1
exprim,2
lo,2
lec,2
dro,2
assu,1
compl,1
attend,2
permet,1
rpublic,3
oeuv,2
mili,1
so,2
mil,1
kilomt,1
pomp,1
gendarm,1
polic,1
engag,1
bnvol,1
assoc,1
lien,1
fratern,1
vuln,1
fragil,1
auxc,1
troisim,1
espo,7
nousmm,2
commun,2
nerg,2
saluta,1
sav,1
retrouv,5
ind,3
cultu,2
const,1
colog,1
indust,1
person,3
derr,1
matr,3
destin,1
cho,8
renouv,1
alim,1
justic,1
fiscal,1
ennem,1
prochain,3
combien,1
impor,1
sentim,1
impuis,1
niveal,1
ampleu,1
cap,1
rsid,1
provinc,1
con,1
ter,1
bouscul,1
dcen,1
dou,1
ain,1
peu,7
dpend,1
aim,2
pat,1
horiz,1
dtermin,2
comb,1
souh,1
