compatrio,4
voud,3
abord,2
exprim,1
sympath,1
tou,9
viv,6
dern,1
jou,2
preuv,2
pen,3
nomb,2
victim,1
famil,2
endeuil,1
partag,1
pein,1
concitoyen,1
cru,1
touch,2
quotidien,1
dtru,1
craign,1
activ,1
emplo,1
souff,1
vo,3
patrimoin,3
littoral,1
fo,3
monum,1
dfig,1
red,1
mo,2
aus,4
dev,2
exception,1
lan,1
solida,6
anim,1
bnvol,1
assoc,1
servic,2
civil,1
mili,1
lu,1
difficil,2
res,1
profondm,1
fragil,1
prca,1
sembl,1
acc,1
combien,1
parfo,2
rem,1
cau,1
inconsc,1
homm,7
dchan,1
mesu,4
impor,2
e,4
soc,3
lec,1
essen,1
public,2
scu,3
auc,1
appar,1
prvo,1
fa,7
fac,2
assu,1
coordin,1
moyen,1
surtou,1
aid,1
fratern,3
soutien,1
spontan,1
main,1
tendu,1
cim,1
mom,2
por,1
an,6
rien,2
dcidm,1
plu,16
modern,3
ncessa,1
solid,1
sentim,2
apparten,1
resp,2
un,2
aut,2
veu,1
retrouv,1
rassembl,1
parc,3
toujou,3
su,1
parl,1
coeu,1
merc,1
fran,3
so,3
ensembl,4
singul,1
lointain,1
longtemp,1
symbol,1
futu,1
devenu,1
contemporain,1
immd,1
beaucoup,1
ent,3
ins,1
peu,6
ton,1
certain,2
apprhension,1
achv,2
poc,1
possd,1
matr,2
hab,1
comprend,1
mouv,1
pour,2
conv,1
franch,2
obstacl,1
comm,3
long,1
histo,1
fidl,2
ellemm,1
bien,6
mmo,1
attard,1
sicl,7
prog,6
duc,1
cond,1
lib,2
dmocratic,1
situ,1
femm,1
hor,1
tragd,2
convul,1
vu,1
guer,1
mondial,3
goulag,1
dicta,1
totali,1
shoah,1
aven,5
celu,1
env,3
poursuiv,1
hsi,1
limi,1
invi,1
humil,1
mdecin,1
grand,3
nat,1
ver,1
prend,5
sen,3
bnfic,1
xxim,1
do,6
thic,1
hu,1
dou,1
esp,3
accord,1
dfend,1
dign,1
humain,2
nouv,2
ord,1
international,1
affirm,1
demain,1
avo,1
repo,1
crimin,1
cont,3
human,1
nom,2
comb,2
chac,2
intrieu,1
exig,3
entend,1
for,1
av,1
o,1
retourn,1
jam,2
exempl,1
manipul,1
gntic,1
clon,1
domain,1
environ,2
peupl,1
veul,1
cou,1
productiv,1
pu,1
responsabil,3
mond,6
dgrad,1
natu,2
recherch,1
sanc,1
ag,1
chang,4
div,1
profi,1
chacun,5
rus,2
engag,1
garan,2
europ,3
perm,1
davan,1
pa,3
organ,1
respectu,1
comp,1
asp,1
recul,1
pauvr,1
ngoc,1
ven,1
commun,3
val,2
vol,1
don,3
al,1
mobil,2
optim,1
efforc,1
attach,1
chaleu,1
entraid,1
util,1
trouv,1
plac,2
autou,1
ral,1
tol,1
renonc,1
convic,1
respec,1
rpublicain,1
int,1
gnral,1
impo,1
conserv,1
dro,2
auto,1
justic,1
gard,2
temp,2
vien,1
rythm,1
prop,1
sau,1
conjug,1
cohsion,1
social,1
initiativ,1
honneu,1
cho,4
adres,1
alo,1
cap,3
mil,1
rich,1
fiv,1
enthousiasm,1
continu,1
ouv,1
dfrich,1
chemin,1
inv,1
volonta,1
coul,1
ouver,1
accep,1
aucun,1
fatal,1
fig,1
dpend,2
capac,1
constru,1
aventu,1
mtropol,1
outrem,1
trang,1
souh,1
chaleureu,1
bon,1
heu,1
