frança,6
che,4
compatriote,4
lhexagon,1
outrem,1
fidèl,1
trad,1
chèr,1
heur,1
présent,1
vo,2
lanné,4
souvr,2
épargné,1
émot,1
intense,1
toute,4
nature,1
fr,7
mome,1
victoire,1
sportive,1
évène,1
célébr,1
centenair,1
larmistic,1
j,3
port,4
voi,1
pai,1
premi,3
ministr,1
gouvern,2
parl,5
f,5
va,1
tou,7
énumér,1
nombr,4
transforma,1
pens,4
jusqualor,1
jugée,1
impossible,1
comm,7
cell,2
menée,1
lanc,1
ac,2
fort,2
écol,1
université,1
lapprentiss,1
laltern,1
lattractivit,1
pos,1
base,1
dun,6
stratégi,1
ambitieus,1
amélior,1
lorganis,2
hôpital,1
clinique,1
lutt,2
contr,8
réchauff,2
climatiqu,2
éradiqu,1
grand,3
pauvret,1
permettr,3
situ,2
trouv,2
plac,2
sociét,6
résulta,1
peuv,1
êtr,1
immédia,1
limpatienc,1
part,1
saur,1
justifi,1
renonc,1
moi,3
devr,1
poursuivr,2
ancr,1
réforme,1
auss,10
chang,4
profondeu,1
règle,2
lindemnis,1
chôm,1
dincit,1
davant,2
reprendr,1
secteu,1
rendr,2
efficac,1
systèm,2
retrait,1
just,1
bât,5
nouvelle,5
sécurité,1
xxièm,1
siècl,1
déchire,1
colèr,5
éclat,1
ven,3
injustice,1
cour,2
mondialis,1
parfoi,4
incompréhensibl,1
administrativ,1
complex,1
manqu,2
bienveill,1
change,2
interrog,1
identit,1
d,1
chos,1
y,3
déborde,1
résigné,1
veu,1
aven,4
meilleu,1
repos,2
capacit,2
invent,2
manière,1
fair,4
dêtr,2
ensembl,2
tell,1
chose,3
vivr,5
mi,5
défendr,1
idéal,1
innov,2
démocratiqu,2
politiqu,1
économiqu,1
danger,1
conduis,1
ignor,1
mond,4
entour,1
contrair,1
ca,4
ti,1
grande,5
certitude,1
mise,1
lordr,3
remi,1
caus,1
puissa,2
malmen,1
allié,1
partou,4
europ,3
mont,1
parti,1
extrémiste,1
tandi,1
intervent,1
étrangère,1
étatique,1
privée,1
multipli,1
migra,2
inquièt,1
instrumentalisée,1
démagogue,1
alor,5
fau,3
réponse,2
phénomèn,1
cesser,1
compt,1
démographi,1
mondial,1
lutte,1
biodiversit,1
nécessaire,1
jama,1
entravée,1
égoïsme,1
national,1
intérêt,2
particulie,2
obscurantisme,1
terrorism,1
islamist,1
continu,2
sév,1
contine,1
déploi,1
quelque,2
semaine,2
encor,3
frapp,2
trèbe,1
pari,1
dur,2
sachèv,1
technologique,1
lintelligenc,1
artificiell,1
transform,1
rapid,1
manièr,1
soign,2
déplac,1
form,3
voy,1
plusieur,1
bouleverse,1
inédi,1
capitalism,1
financi,1
souv,1
guid,3
term,1
lavidit,1
v,6
ve,1
mal,2
civilis,1
occidental,1
cris,1
rêv,1
désespér,1
croi,7
ces,22
déf,1
immens,1
évid,1
li,1
précisém,3
rôl,1
jou,3
propos,1
lign,1
trac,1
depui,2
mand,1
remettr,1
lhomm,1
coeu,1
proje,7
suppos,3
const,1
détermin,2
intim,1
répons,2
profondém,4
ch,1
frontière,1
prendr,2
toujour,2
tout,2
par,1
renaiss,1
pourquo,1
anné,3
décisiv,1
troi,1
vérit,5
ou,1
souhait,2
oubli,1
mensonge,1
ambiguïté,1
o,1
doi,2
dir,2
année,1
installé,1
dén,1
fragr,1
réalit,2
peu,5
travaill,2
gagn,1
baiss,1
impôt,1
accroîtr,1
dépense,1
habitude,1
respir,1
a,1
pu,1
sujet,1
accept,1
fac,1
réalité,1
lun,1
économie,1
infrastructure,1
parm,2
meilleure,1
pay,1
presqu,1
scolarit,1
enfa,3
coû,1
faible,1
développé,1
avo,3
dexcellenc,1
fonctionn,1
investiss,1
sphèr,1
publiqu,1
moiti,1
chaqu,4
déconsidér,1
croir,1
solidarité,2
nexist,1
faudr,2
dépens,1
assur,3
service,1
rest,1
prése,2
sinstall,1
certaine,1
campagne,1
ville,1
quartie,1
puiss,2
téléphon,1
interne,1
surtou,2
sécurit,1
tranquillit,1
veiller,1
personnel,1
déb,2
do,4
vr,2
écrir,1
jour,1
précis,1
attente,1
celu,1
conduir,1
demeur,1
démocrati,2
robust,1
protég,3
fausse,1
informa,1
manipula,1
intoxica,1
débattr,2
fal,1
égar,1
lorsqu,1
dintérêt,1
lheur,1
réseal,1
social,1
cult,1
limmédiatet,1
lim,1
commentair,1
perman,1
indispens,2
rebât,1
confi,2
linform,1
transparenc,1
déthiqu,1
décout,1
dialogu,2
dhumilit,1
dentr,2
commenc,4
fourvoy,1
lerreu,1
confront,1
argume,1
autre,1
naîtr,1
util,1
un,2
deuxièm,1
dignit,4
nécessair,1
n,5
sent,3
respecté,1
considéré,1
vi,6
empêché,1
mère,1
famill,4
élev,1
seule,1
parven,1
fin,2
agriculteur,1
veul,1
dign,1
retraité,1
modeste,1
aid,1
charg,1
pare,1
apport,2
sa,5
impatienc,1
légitim,1
all,1
impliqu,1
quarti,1
pouvo,2
accéd,2
meilleur,1
éduc,1
grâc,2
cellec,1
construir,1
dassur,1
droi,1
attendr,1
devoi,1
rétabl,1
responsabilit,1
p,1
respec,4
leffor,1
bloqu,1
et,2
reconnaiss,1
suffis,1
mérit,1
enferm,1
case,1
exig,2
plein,1
acteu,1
trave,1
représenta,2
direct,1
redonn,2
vitalit,1
jaur,1
suje,1
dévidenc,1
institut,1
doiv,1
évolu,1
dernie,1
impensa,1
linaccept,1
libre,1
parc,3
généra,2
précéd,1
battue,1
sub,2
despotism,1
aucun,1
tyranni,1
libert,1
requier,1
ordr,1
prenn,2
prétext,1
peupl,3
nét,1
portevoi,1
foul,1
haineus,1
force,1
journaliste,1
juifv,1
étrange,1
simpl,1
nég,1
sexprim,1
lor,1
élect,1
chois,2
lo,1
dro,1
complais,1
mo,1
c,2
permett,1
républiqu,3
doeuvr,1
militaire,1
so,2
millie,1
kilomètre,1
pompie,1
gendarme,1
policie,1
soigna,1
engagé,1
bénévole,1
associa,1
tiss,1
oeuvr,1
fraternit,1
quotidienn,1
côté,1
vulnéra,1
fragile,1
particulièr,1
troisièm,1
derni,1
despo,1
espo,6
nousmême,2
énergi,1
salutair,1
s,1
retrouv,3
entr,1
inéd,1
déduc,1
cultur,1
construc,1
écologi,1
industriell,1
servic,1
personne,1
derrièr,1
maîtris,3
choi,2
renouvel,1
proposer,1
prochaine,1
aliment,1
justic,1
fiscal,1
ennemi,1
invest,1
commun,1
peuple,1
m,1
exprim,1
import,1
sentim,1
dimpuiss,1
niveal,1
tâch,1
ampleu,1
inédit,1
porté,1
capa,1
résid,1
provinc,1
conna,1
terre,1
bousculée,1
dernière,1
décennie,1
dout,1
fer,1
autr,1
unit,1
retrouvé,1
effor,1
ains,1
retrouver,1
aim,2
patri,1
lénergi,1
fi,2
men,1
comba,1
bell,1
viv,2
