ch,4
compatrio,4
mes,2
conv,6
volon,2
ad,1
so,4
présen,2
vu,2
nouv,2
s,3
difficul,1
rencont,1
mesu,1
chac,2
jou,1
pen,3
famil,1
sinquiè,1
laven,2
env,2
fac,3
chôm,3
parfo,1
lexclusion,1
v,10
dénig,1
décourag,1
grand,5
cinquièm,1
puis,1
économic,2
mond,4
prend,1
responsabil,3
fo,3
menac,3
grâc,1
linterven,1
sold,1
afric,1
irak,1
salu,1
partou,1
où,2
trouv,1
f,24
honneu,1
drap,1
diploma,1
activ,1
cherch,2
inlassabl,1
solu,1
confl,1
comm,2
ukrain,1
implic,1
procheo,1
avanc,3
leurop,2
po,1
prio,2
crois,1
plan,5
dinves,2
315,1
milliard,1
deuro,1
êt,6
lanc,2
dè,3
2015,8
commission,1
européen,1
reconnu,1
innov,1
cultu,1
tal,1
entrepren,1
créateurs,1
hono,1
d,7
nob,1
donc,4
davo,1
cond,1
:,4
fa,4
preuv,2
daudac,2
refu,1
statu,1
quo,1
écar,2
régression,1
j,5
cho,2
tou,17
res,2
fidèl,1
val,2
républic,2
modèl,1
social,4
n,5
nostalg,1
espé,1
devo,1
gouvern,2
manu,1
entreprend,1
prépa,1
demain,3
don,2
cro,1
persévé,1
cons,1
travail,3
du,1
lan,5
2014,1
rud,1
jalon,1
dépreuv,1
sor,2
tenu,1
bon,1
suiv,1
ferm,2
cap,5
jav,1
fi,1
pac,1
lav,1
annonc,2
débu,1
dan,1
dev,6
appl,1
matin,1
entrepr,4
indépend,1
ver,1
charg,1
bais,1
plu,6
aucun,1
cot,1
patronal,1
sala,2
smic,1
mainten,3
dembauch,1
sen,2
mo,4
«,1
»,1
oblig,2
jal,3
lut,3
cont,6
réform,2
égal,1
men,1
long,1
sachèv,1
ain,1
1,1
janv,2
pénibil,1
enfin,1
pr,1
comp,2
calcul,1
retr,1
systèm,1
rendu,1
simpl,1
possibl,1
veil,1
concer,1
parten,1
euxmêm,1
engag,3
négoc,1
essen,2
lenjeu,1
modern,1
dialog,1
territorial,1
c,27
mil,2
abandon,1
adop,3
moin,2
amen,1
désign,1
élu,1
fu,1
collectiv,1
defficac,1
dépen,1
transform,1
prê,1
al,1
enco,1
dabord,2
lo,5
minist,1
leconom,1
emmanu,1
macron,1
libé,2
initiativ,1
cas,2
r,2
énerg,1
lactiv,1
développ,1
lemplo,1
simpliv,1
protég,2
coup,1
jeun,6
soci,2
parc,3
surtou,1
destin,1
toujou,1
moyen,1
supplém,1
inégal,1
scol,1
profes,1
m,3
form,2
dun,1
numéric,1
lécol,1
deurop,1
ma,1
dutil,1
technolog,1
formid,1
outil,1
connais,1
aus,4
justic,1
for,1
jus,1
supprim,1
,7
prem,2
tranch,1
limpô,1
revenu,1
alloc,1
familial,1
désorm,1
modul,1
fonc,1
ressourc,1
laccompagn,1
person,5
âg,1
amélio,1
laccè,1
soin,1
facil,1
cau,2
lib,1
profession,1
san,1
réun,2
suj,1
difficil,1
intim,1
fin,2
dro,4
mou,1
dign,2
souh,1
quen,1
parl,1
pu,3
consensu,1
contribu,2
lap,1
souff,1
pren,1
mal,1
domain,1
comb,2
mèn,1
jusc,1
bou,1
conserva,1
nomb,1
popul,1
dang,1
dinitiativ,1
réus,1
non,1
fig,1
isol,1
ecar,1
discou,1
tromp,1
abu,1
peupl,1
e,1
prétend,1
zon,2
euro,2
convainc,1
redres,1
prop,1
compétitiv,1
mobil,1
lev,1
stagn,1
europ,2
ass,1
démocratic,1
mon,1
inquiè,1
sappel,1
terro,1
communauta,1
fondamental,1
div,1
stigmat,1
religion,1
céd,1
peu,1
défend,1
règl,1
laïc,1
lord,1
républicain,1
sécu,1
femm,1
quand,1
oubl,1
princip,1
perd,1
no,1
là,1
déclin,1
seul,2
celu,2
labandon,1
déjà,2
arriv,1
lhisto,2
loubl,1
jam,1
pourquo,2
rac,1
lantisémi,1
national,2
retrouv,1
trav,1
lengag,1
vertu,1
nation,1
rassembl,3
pat,1
servic,1
civic,1
élarg,1
dive,1
demand,1
av,1
accueil,1
confé,3
clim,1
décemb,1
prochain,3
chev,1
de,1
magnific,1
opportun,1
nousmêm,1
audelà,1
diffé,1
mett,1
commun,3
meilleu,1
redon,1
progrè,1
do,2
exempla,1
l,1
tran,1
énergétic,1
vo,1
lassembl,1
biodive,1
70,1
an,6
unive,1
lhomm,1
entraîn,1
quil,1
décla,1
lhuman,1
préserv,2
quà,1
pa,1
succè,1
lorsc,1
interrog,1
petitsenv,1
en,2
métropol,1
doutrem,1
viv,3
létrang,1
tel,1
souv,1
dac,1
solida,1
particul,1
fragil,1
démun,1
victim,1
dram,1
produ,1
dern,1
forc,1
vital,1
p,3
