franaises,1
connu,1
1918,1
occasion,1
2018,1
bien,1
handicap,1
,1
aucun,1
travail,2
public,1
fond,1
vécu,1
loin,1
devenu,1
leon,1
2018,2
plan,1
social,1
environnemental,1
bien,1
là,1
mal,1
international,1
1945,1
demain,1
tenu,1
strasbourg,1
rang,1
produire,1
train,2
ultralibéral,1
trop,2
fin,1
là,1
fautil,1
vision,1
contemporain,1
beaucoup,2
européen,2
train,1
audelà,1
quotidien,1
abord,1
2019,2
bien,1
rien,2
!,2
non,1
cessons,1
où,2
besoin,1
où,2
où,2
national,1
voeu,2
afin,2
impulsion,1
fond,1
voeu,2
quand,1
là,2
2019,1
voeu,2
convaincu,2
loin,1
travail,2
chacun,2
travail,1
trop,1
citoyen,2
vu,1
entendu,1
chacun,2
nom,1
où,1
!,2
souverain,1
républicain,2
quotidien,1
chacun,2
lien,1
enfin,2
voeu,1
voeu,1
commun,1
chacun,2
quotidien,2
destin,1
prochain,1
européen,1
ô,1
combien,1
chacun,2
citoyen,1
peu,2
dépend,1
là,2
travail,2
européen,2
2019,2
!,1
fran,1
hexagon,1
outrem,1
fidèl,1
trad,1
vo,1
épargn,1
émo,1
mom,1
sportiv,1
armistic,1
gouvern,1
parl,1
transform,1
alo,1
jug,1
impossibl,1
chemin,1
men,1
lanc,1
écol,1
altern,1
attractiv,1
hôpital,1
clinic,1
médecin,1
climatic,1
trouv,1
plac,1
peuv,1
renonc,1
gouvern,1
prochain,1
réform,1
profondeu,1
secteu,1
efficac,1
xxièm,1
siècl,1
grand,2
ven,1
injustic,1
cou,1
incompréhensibl,1
systèm,1
administrativ,1
interrog,1
sen,1
y,1
excè,1
débord,1
résign,1
veu,1
meilleu,1
man,1
ensembl,1
idéal,1
voul,1
innov,1
démocratic,1
politic,1
économic,1
situ,1
tou,1
rem,1
malmen,1
partou,1
extrém,1
tand,1
interven,1
étatic,1
priv,1
multipl,1
démagog,1
alo,1
nouv,1
phénomèn,1
mondial,1
lu,1
climatic,1
jam,1
trouv,1
entrav,1
ensembl,1
égoïsm,1
national,1
particul,1
islam,1
continu,1
chang,1
tou,1
contin,1
semain,1
comm,1
frapp,1
achèv,1
chang,1
technologic,1
profond,1
intellig,1
transform,1
rapid,1
man,1
soign,1
déplac,1
form,1
capital,1
souv,1
guid,1
term,1
avid,1
quelquesun,1
occidental,1
évid,1
mal,1
précisém,1
plac,1
jou,1
lign,1
trac,1
jou,1
mand,1
entend,1
homm,1
coeu,1
détermin,1
intim,1
comm,1
mond,1
pourquo,1
y,1
décisiv,1
tro,1
vo,1
ou,1
mensong,1
ambiguï,1
o,1
depu,1
parfo,1
moin,1
gagn,1
plu,1
impô,1
chang,2
hab,1
a,1
plu,1
pu,1
tou,1
regard,1
accep,1
fac,1
réal,1
mond,1
presc,1
soign,1
coû,1
parm,1
plu,1
faibl,1
développ,1
accè,1
public,1
alo,1
toujou,1
dev,1
servic,1
public,1
médecin,1
manc,1
certain,1
campagn,1
plu,1
téléphon,1
partou,1
pu,1
partou,1
chac,1
jou,1
quelc,1
jou,1
parl,1
réal,1
celu,1
do,1
inform,1
manipul,1
tou,1
fal,1
surtou,1
lorsc,1
sou,1
intérê,1
particul,1
réseal,1
social,1
im,1
perman,1
démocratic,1
inform,1
éthic,1
dialog,1
humil,1
comm,1
erreu,1
affirm,1
argum,1
peu,1
ac,1
util,1
un,1
deuxièm,1
dign,1
respec,1
empêch,1
élev,1
seul,1
parven,1
mo,1
agricul,1
veul,1
dign,1
aid,1
charg,1
légitim,1
implic,1
éduc,1
cellec,1
pouvo,1
accéd,1
sien,1
commenc,1
rétabl,1
responsabil,1
tou,1
respec,1
intérê,1
profond,1
enferm,1
concitoyen,2
plein,1
acteu,1
grand,1
dev,1
commenc,1
vital,1
évid,1
institu,1
doiv,1
continu,1
évolu,1
dign,1
do,1
dern,1
temp,1
viv,1
battu,1
sub,1
aucun,1
exig,1
opin,1
certain,1
parl,1
comm,1
foul,1
hain,1
élu,1
forc,1
journal,1
juiv,1
simpl,1
peupl,1
exprim,1
lo,1
élec,1
lo,1
dro,1
attend,1
respec,2
avo,2
mo,1
plu,1
grand,1
dign,1
pomp,1
gendarm,1
polic,1
soign,1
élu,1
républic,1
engag,1
bénévol,1
assoc,1
tou,1
fratern,1
quotidien,1
so,1
plu,1
fragil,1
tou,1
form,1
troisièm,1
espo,1
nousmêm,1
comm,1
peupl,1
aven,1
espo,2
europ,1
sav,1
nousmêm,1
cro,1
inéd,1
éduc,1
un,1
nouv,2
servic,1
person,1
profondém,1
retrouv,1
plu,2
sub,1
grand,2
ven,1
do,1
guid,1
prochain,1
semain,1
retrouv,1
justic,1
fiscal,1
ennem,1
innov,1
commun,1
profondém,2
europ,1
peu,2
protég,2
peupl,1
espo,1
mo,1
exprim,1
voul,1
fin,1
sentim,1
niveal,1
ampleu,1
inéd,1
cap,1
résid,1
grand,1
provinc,1
bouscul,1
dern,1
parfo,1
un,1
retrouv,1
chac,1
retrouv,1
sen,1
plu,1
aven,1
capac,1
précisém,1
aim,1
tou,1
horiz,1
fran,1
fran,1
détermin,1
men,1
tou,1
comb,1
ven,1
parc,2
cro,1
cro,2
espo,1
fran,1
pouv,1
alo,2
viv,1
républic,1
viv,1
vo,1
prem,1
stratég,1
imméd,1
id,1
démograph,1
déplo,1
artific,1
inéd,1
financ,1
prem,1
inv,1
oubl,1
économ,1
dro,1
devo,1
portevo,1
homosexu,1
dern,1
énerg,1
écolog,1
renouv,1
alim,1
cho,1
énerg,1
fran,2
compatrio,1
heu,1
ouv,1
an,1
inten,1
na,1
victo,1
centena,1
po,1
minist,1
énumé,1
pen,1
unive,1
apprentis,1
pa,1
po,1
amélio,1
éradic,1
pauvr,1
résul,1
par,1
sau,1
dev,1
poursuiv,1
anc,1
indemn,1
inci,1
reprend,1
organ,1
retr,1
rend,1
jus,1
sécu,1
mondial,1
cont,2
comple,1
manc,1
bienveil,1
colè,1
colè,1
cho,1
défend,1
dang,1
condu,1
igno,1
entou,1
contra,1
cer,1
cau,1
mon,1
par,1
puis,1
étrangè,1
mig,1
inquiè,1
instrumental,1
ces,1
comp,1
réchaufv,1
biodive,1
néces,1
surmon,1
obscuran,1
terro,1
aus,2
pa,1
vo,1
bouleve,1
cou,1
civil,1
désespé,1
immen,1
propo,1
poursuiv,1
remett,1
cons,1
fron,1
aus,1
pa,1
renais,1
souhai,1
an,1
instal,1
frag,1
travail,1
bais,1
accroît,1
dépen,1
resp,1
suj,1
infrastruc,1
meil,1
pa,1
scola,1
env,1
excel,1
dépen,1
fonction,1
inves,1
produ,1
an,1
ces,1
déconsidé,1
cro,1
pa,2
exis,1
faud,1
dépen,1
davan,1
fa,2
res,1
instal,1
vil,1
quar,1
por,1
intern,1
travail,1
viv,1
sécu,1
tranquil,1
veil,1
ouv,1
at,1
condu,1
demeu,1
robus,1
into,1
débatt,1
éga,1
cul,1
immédi,1
commenta,1
rebâ,1
repo,1
transpa,1
écou,1
fourvo,1
dialog,1
confron,1
aut,1
débat,1
naît,1
nécessa,1
nomb,1
considé,1
viv,1
retr,1
modes,1
enco,1
env,1
pa,1
faud,1
al,1
permett,1
famil,1
meil,1
constru,1
famil,1
assu,1
attend,1
effo,1
suppo,1
lut,1
bloc,1
e,1
reconn,1
suff,1
trav,1
direc,1
tou,1
suj,1
prend,1
cho,1
impen,1
inaccep,1
lib,1
despo,1
lib,1
requ,1
ord,1
prétex,1
pren,1
ord,1
étrang,1
cho,1
e,1
ord,1
assu,1
compl,1
indispen,1
soci,1
permet,1
oeuv,1
mili,1
enco,1
nomb,1
ent,1
mil,1
kilomèt,1
famil,1
oeuv,1
vulné,1
pen,1
particuliè,1
saluta,1
ent,1
por,1
cultu,1
for,1
const,1
soci,2
solida,1
der,1
pa,1
an,1
aus,2
proj,4
propo,1
cho,1
assu,1
cont,2
inves,1
appor,1
mig,1
redon,1
impor,1
impuis,1
por,1
con,1
ter,1
du,1
dou,1
aut,1
effo,1
ain,1
maîtr,1
pa,1
tou,2
por,1
compatrio,1
souh,1
an,1
lec,1
cultu,1
ambi,1
impa,1
justiv,1
al,1
desc,1
plu,1
moi,1
person,1
démocra,1
impa,1
quar,1
démocra,1
tyran,1
repr,1
person,1
auxc,1
conv,1
indust,1
décen,1
pat,1
