chere,2
compatriote,4
vo,2
présent,1
so,3
ressembl,1
c,3
précédé,1
ca,2
vivr,1
anné,4
terribl,1
commencé,1
lâche,1
attenta,3
contr,6
charli,1
l'hypercach,1
ensanglanté,1
commise,1
montroug,1
villejuiv,1
fallavi,1
s'achev,1
l'horreu,1
acte,1
guerr,1
perpétré,1
saintdeni,1
pari,2
premièr,2
pensé,1
v,2
victime,1
fanatism,1
famille,1
plongée,1
blessé,1
atteint,1
cha,1
exprim,1
affec,1
tragédie,1
demeur,2
gravée,1
chacun,1
mémoire,1
elle,1
s'effac,1
jama,4
malgr,2
dram,1
fr,11
n',1
céd,1
larme,1
s'es,2
tenu,1
debou,1
fac,4
hain,1
montr,2
forc,1
valeur,1
celle,1
républiqu,3
frança,6
fi,1
f,3
preuv,1
circonsta,1
détermin,1
solidarit,1
inst,1
salu,2
bravour,1
solda,1
policie,1
gendarme,1
prenn,1
t,1
risque,1
sécurit,2
j'adress,1
gratitud,1
service,1
sant,1
pompie,1
protec,2
civil,1
bénévole,1
port,2
secour,1
détress,1
doi,1
vérit,1
termin,1
terrorism,2
menac,1
toujour,1
rest,3
hau,1
nive,1
régulièr,1
auss,8
premi,1
devo,2
c'es,17
protég,3
ag,2
racin,1
syri,1
pourquo,2
intensifi,1
frappe,1
djihadiste,1
recul,1
alor,3
aut,2
nécessair,1
j',5
propos,1
instaur,2
l'ét,2
d'urgenc,4
pui,1
dev,1
parl,2
réun,1
versaille,1
conscienc,1
choi,1
mesur,1
éprouv,1
décid,2
renforc,1
effectifv,1
polic,1
justic,1
renseign,1
armée,1
engag,2
ensuit,1
réform,1
procédur,1
pénal,1
lutt,2
efficac,1
crim,2
organis,1
financ,1
l'aliment,1
annonc,1
constitu,1
donn,1
fond,1
incontest,1
recour,1
immin,1
décho,1
nationalit,1
franç,1
condamné,1
définitiv,1
terrorist,1
revi,1
désorma,2
prendr,4
responsabilité,1
déb,1
légitim,1
respect,1
do,5
avo,1
s'ag,1
désun,1
bonne,1
cliva,1
conformit,1
principe,1
veiller,1
gar,1
n'accepter,2
puiss,3
oppos,1
entr,2
divis,1
cherch,1
extrémiste,1
davant,1
laïqu,1
pratiqu,1
encor,1
li,1
cult,1
êtr,4
profané,1
comm,1
sall,1
prièr,1
dernie,1
jour,1
cors,1
impuni,1
concern,1
mosqué,1
synagogu,1
templ,1
églis,1
l'honneu,1
che,1
ou,1
sûr,1
intensém,1
tou,3
fractur,1
sociét,2
nourr,1
repl,2
ét,2
sécuritair,1
économiqu,2
chôm,1
priorit,1
l'obje,1
texte,1
préparé,1
gouvern,2
simplifi,1
cod,1
nouvell,2
social,2
professionnell,1
sais,1
opportunité,1
économique,1
offerte,1
révolu,1
numériqu,1
parallèl,1
massiv,1
form,3
demandeur,1
d'emplo,1
lanc,1
personne,2
accompagnée,1
ve,1
métie,1
s,1
pm,1
emploi,1
cré,1
nouvelle,1
aide,1
l'embauch,1
introduite,1
débu,1
filière,1
l'apprentiss,1
larg,1
ouverte,1
fix,1
l'objectiv,1
apprent,2
employeu,2
jeun,1
emplo,1
effor,1
faveu,1
génér,1
vi,2
sacr,1
appell,1
mobilis,1
l'et,1
sû,1
vienn,1
s'install,1
entreprise,1
l'unit,1
national,1
mouv,1
d'act,1
d'engag,2
servic,1
civiqu,1
facteu,1
brass,1
d'intégr,1
d'inser,1
utilit,1
jeune,1
demand,2
étape,1
généralis,1
multiple,1
fragile,1
préserv,1
planèt,2
réussit,1
évén,1
motiv,1
fiert,1
scell,1
réduir,1
réchauff,1
climatiqu,1
résult,1
considér,1
responsabilit,1
mettr,1
oeuvr,1
d'av,1
d'êtr,1
exempl,1
programm,1
traval,1
rénov,1
bâtime,1
développ,1
énergie,1
renouvela,1
croiss,1
vert,1
caus,1
clim,1
chanti,1
l'emplo,1
qualit,1
événe,1
l',1
confirm,1
habité,1
sentim,2
l'amou,1
patri,4
invisibl,1
reli,1
d'ic,1
d'ailleur,1
toute,4
condi,1
croya,1
origine,1
coeu,2
cell,1
s'accompl,1
l'ouvertur,1
mond,2
respec,1
autre,1
l'égalit,1
confi,1
l'aven,2
fermetur,1
discrimin,1
nostalgi,1
bât,1
l'europ,3
réuss,2
grande,1
chose,1
révél,1
insuffisa,1
mett,1
aujourd'hu,1
l'afflu,1
réfugié,1
provoqu,1
confli,1
cap,1
sécuris,1
frontière,1
d'accueill,1
l'asil,1
raccompagn,1
dignit,1
relèv,1
déf,1
majeu,1
ressurg,1
mur,1
croy,1
l'histoir,1
s'effaç,1
l'anné,1
délivr,1
cause,1
drame,1
enduré,1
oblig,1
regard,1
trait,1
fermet,1
produ,1
changé,1
transformé,1
utilis,1
vitalit,1
énergi,1
surg,1
nousmême,1
sursau,1
enti,1
men,1
réforme,1
for,1
just,1
exemplair,1
démocratiqu,1
ains,1
sortir,1
grand,1
bell,1
idé,1
fair,1
ensembl,1
métropol,1
d'outrem,1
l'étrang,1
souffr,1
résist,1
vaill,1
d'espér,1
espr,1
adress,1
meilleur,1
proche,1
famill,1
parc,1
tout,1
viv,2
