bonso,1
so,3
nes,2
chefdelet,1
vi,4
parl,1
politiqu,1
ces,9
dentr,3
confi,5
democratiqu,1
troi,1
dem,1
premier,2
responsabilit,1
republiqu,1
exprim,2
vo,4
gard,1
caracter,1
improvise,1
adress,1
parc,4
pend,1
lanne,1
lexercic,1
fonct,1
pens,3
bonheur,1
malheur,1
activite,1
difficulte,4
parfoi,1
mecontent,1
auss,4
attach,1
ch,1
glori,1
v,2
dir,1
meme,2
c,3
echang,1
tou,2
lheur,2
entr,2
souhait,5
bonheu,9
s,5
personnell,1
professionnell,1
famill,2
cellul,1
privilegie,1
rela,1
ami,1
camara,1
proche,1
souffr,1
epargn,1
gardi,1
toute,2
force,1
puissi,1
ains,1
dynamism,1
gaiet,1
ensembl,1
fr,11
ellemem,4
lunit,2
epoqu,2
difficil,1
devolu,1
dadapt,1
mond,4
alarecherch,2
equilibr,1
do,1
avo,2
cap,2
surmont,3
ses,1
p,2
depui,1
debu,1
siecl,1
d,2
souvienn,1
guerr,1
decim,1
plupar,1
famille,2
franca,4
deuxiem,1
confl,1
et,2
total,1
occup,1
economi,1
desorganise,1
lorsqu,1
capa,1
peu,1
pres,1
experienc,1
lorsquun,1
divise,1
lorsquell,2
dechir,1
disput,1
possibl,1
egal,1
vr,3
pourquo,2
davant,1
dunit,1
qu,1
lactivit,2
lefficacit,1
jeune,2
homme,1
femme,1
puiss,1
consacr,1
activit,1
emplo,1
serv,1
caus,1
leconomi,1
franc,1
capacit,1
enga,1
moderne,1
grand,3
compet,3
peuple,1
seul,1
cell,4
coupedumond,1
produc,1
scienc,1
cultur,1
tre,1
import,1
tienn,1
detr,1
efficac,1
organise,1
personn,2
litteratur,1
jadi,1
ven,1
soulev,2
to,2
observ,1
pet,1
ville,1
campagne,1
departe,1
territoire,1
doutrem,1
deletrang,1
verr,1
fet,2
reuni,1
preference,1
temperam,1
poem,1
poet,1
for,1
f,1
"s,2
gar,2
voul,2
donn,2
ququ,1
certain,1
pressent,1
recett,1
pai,1
bonn,2
heureus,1
anne,2
franch,1
connaitr,1
