toute,6
aussi,5
grande,4
doit,4
engagement,4
plus,4
franais,4
emploi,4
aucun,3
socialement,3
besoin,3
jamais,3
urgence,3
puissent,3
face,3
demandent,3
europe,3
économiquement,3
vivre,3
nom,2
péril,2
2016,2
planète,2
chacune,2
enfin,2
filières,2
bien,2
2015,2
fondement,2
soir,2
drames,2
république,2
salué,2
police,2
service,2
protection,2
devoir,2
protéger,2
agit,2
devons,2
réformes,2
nationale,2
désormais,2
responsabilité,2
repli,2
lancerons,2
nouvelle,2
jeunes,2
forme,2
sentiment,2
coeur,2
monde,2
avenir,2
alors,2
premier,2
valls,2
commises,2
apprenti,2
actes,2
utiliser,2
respecte,2
choses,2
pays,2
insertion,2
hebdo,1
saintquentin,1
chagrin,1
compassion,1
sangfroid,1
là,1
mal,1
irak,1
daech,1
sol,1
abord,1
révision,1
lieu,1
quand,1
audelà,1
religion,1
gesteslà,1
exclusion,1
travail,1
500,1
000,1
demain,1
donc,1
soutien,1
cop21,1
mondial,1
accord,1
195,1
,1
ressemblent,1
venons,1
terrible,1
commencée,1
hypercacher,1
montrouge,1
villejuif,1
achever,1
horreur,1
saintdenis,1
victimes,1
plongées,1
atteints,1
exprime,1
affection,1
gravées,1
effaceront,1
larmes,1
tenue,1
debout,1
haine,1
force,1
preuve,1
détermination,1
soldats,1
gendarmes,1
risques,1
santé,1
pompiers,1
civile,1
bénévoles,1
secours,1
terminé,1
menace,1
toujours,1
déjouons,1
racine,1
frappes,1
coups,1
djihadistes,1
reculent,1
continuerons,1
réuni,1
congrès,1
éprouvé,1
renforcer,1
effectifs,1
moyens,1
justice,1
renseignement,1
armées,1
ensuite,1
pénale,1
efficacement,1
financement,1
trafics,1
annoncé,1
constitution,1
recours,1
imminent,1
déchoir,1
individus,1
condamnés,1
définitivement,1
crime,1
revient,1
parlement,1
légitime,1
avoir,1
désunir,1
bonnes,1
clivages,1
partisans,1
conformité,1
principes,1
cherchent,1
extrémistes,1
laïque,1
concitoyens,1
pratique,1
profanés,1
derniers,1
jours,1
impunis,1
concernent,1
synagogue,1
temple,1
honneur,1
oui,1
intensément,1
code,1
opportunités,1
révolution,1
numérique,1
parallèlement,1
massif,1
accompagnées,1
aides,1
embauche,1
début,1
largement,1
objectif,1
employeur,1
demeure,1
faveur,1
unité,1
mouvement,1
civique,1
facteur,1
gouvernement,1
étapes,1
multiples,1
personnes,1
fragiles,1
préservation,1
motif,1
climatique,1
décidé,1
temps,1
avance,1
exemple,1
pourquoi,1
programme,1
travaux,1
rénovation,1
bâtiments,1
développement,1
climat,1
qualité,1
vécus,1
confirmé,1
habités,1
partageons,1
amour,1
invisible,1
citoyens,1
origines,1
accomplit,1
égalité,1
discrimination,1
hui,1
afflux,1
capable,1
asile,1
raccompagnant,1
dignité,1
relèvent,1
majeur,1
ressurgiront,1
murs,1
abattus,1
oblige,1
regarder,1
produit,1
changés,1
transformés,1
vitalité,1
surgi,1
nousmêmes,1
mener,1
idée,1
ensemble,1
métropole,1
outremer,1
étranger,1
voeux,1
proches,1
parce,1
énergie,1
manuel,1
charlie,1
fallavier,1
tragédies,1
conscience,1
alimentent,1
renouvelables,1
conditions,1
nostalgie,1
réfugiés,1
conflits,1
aussi,1
année,1
contre,1
lutte,1
réussir,1
famille,1
malgré,1
sécurité,1
adresse,1
instaurer,1
terrorisme,1
prendre,1
reste,1
compatriotes,1
société,1
causes,1
croyait,1
ensanglantée,1
agressions,1
thalys,1
guerre,1
perpétrés,1
pensée,1
fanatisme,1
blessés,1
demeureront,1
mémoires,1
elles,1
circonstances,1
solidarité,1
bravoure,1
prennent,1
gratitude,1
porté,1
niveau,1
régulièrement,1
portent,1
nécessaire,1
proposition,1
versailles,1
mesure,1
procédure,1
organisé,1
donner,1
incontestable,1
veillerai,1
garant,1
opposer,1
diviser,1
accepterai,1
davantage,1
encore,1
culte,1
salle,1
corse,1
mosquée,1
fracture,1
nourrit,1
autant,1
sécuritaire,1
priorité,1
objet,1
textes,1
préparés,1
professionnelle,1
offertes,1
introduites,1
apprentissage,1
ouvertes,1
fixe,1
effort,1
sacré,1
mobilisation,1
etat,1
viennent,1
installer,1
entreprises,1
brassage,1
intégration,1
montré,1
généralisation,1
scellé,1
entre,1
réduire,1
réchauffement,1
résultat,1
considérable,1
mettre,1
oeuvre,1
croissance,1
verte,1
ailleurs,1
ouverture,1
autres,1
fermeture,1
insuffisances,1
mettent,1
provoqué,1
sécuriser,1
frontières,1
accueillir,1
histoire,1
effaant,1
délivre,1
endurés,1
traiter,1
fermeté,1
sursaut,1
fort,1
juste,1
exemplaire,1
démocratiquement,1
ainsi,1
sortira,1
faire,1
souffrance,1
résistance,1
vaillance,1
espérance,1
esprit,1
meilleurs,1
attentats,1
patrie,1
syrie,1
intensifié,1
essentiels,1
simplifier,1
chantier,1
confiance,1
entier,1
