che,2
compatriote,2
remerci,1
trad,1
vau,2
sixièm,1
foi,1
souhait,4
bonn,3
anné,2
d'adress,1
sign,1
d'amiti,1
c,1
viv,3
pein,1
pauvret,1
chôm,2
maladi,1
solitud,1
attend,1
depui,1
s,2
angoiss,1
retou,1
êtr,1
ch,1
vo,1
form,1
vari,1
fr,8
sach,4
s'un,2
fau,2
qu'ell,3
vivr,4
fair,5
démocrati,3
gagn,2
enj,1
propos,1
mond,2
modern,1
événe,1
montr,4
nécessit,1
hésit,1
contr,3
terrorism,1
s'impos,1
jama,1
mobilis,1
répondr,1
aspira,1
jeune,1
donn,1
larg,1
d'ouvr,1
porte,1
savo,1
responsabilit,1
méti,1
persévér,1
effor,1
recul,1
vi,1
chèr,1
voul,1
l'infl,1
grande,1
cause,1
nationale,1
autou,1
desquelle,1
rassembl,1
d'autre,1
politiqu,4
extérieur,1
défens,3
obtienn,1
vast,1
consent,1
s'agiss,1
pai,2
construc,1
l'europ,3
développ,1
tie,1
lutt,1
droi,1
l'homm,1
condi,1
indépend,1
n'insister,1
so,1
poin,1
fer,1
tout,1
seul,1
subir,1
moi,1
vienn,1
rude,1
assaut,1
l'aid,1
croi,1
peuple,1
mêl,1
patri,1
aven,1
autr,3
souh,1
l',1
d,4
élect,1
législative,1
mar,1
pos,1
problèm,1
nouve,1
début,1
l'anné,1
majorit,2
continué,1
situ,1
devo,1
cla,1
pris,1
évit,1
cris,1
inutil,2
dangereus,2
march,1
républiqu,2
redress,1
économiqu,1
entrepri,1
longu,1
gouverne,1
j',1
assur,1
continuit,1
l'et,1
mainten,1
d'exerc,1
tâch,1
souc,1
équilibre,1
troisièm,1
servir,1
parviendr,2
d'aut,2
mi,3
écart,1
rout,1
sujet,1
divis,1
bless,1
lor,1
touch,1
racine,1
historique,1
culturelle,1
spirituelle,1
essentiel,1
pluraliste,1
prévalo,1
social,1
natur,1
déb,1
confront,1
d'idée,1
d'intérêt,1
l'approch,1
difficil,1
tou,1
gouvern,1
décid,1
confli,1
sort,1
l'espr,1
tolér,1
volont,2
dialogu,1
doiv,1
l'emport,1
repl,1
c'es,1
comm,1
famill,1
parl,1
s'ignor,1
voi,2
capa,1
t,2
frança,1
domaine,1
scienc,1
art,1
l'industri,1
spor,1
qualit,1
ouvrie,1
cadre,1
agriculteur,1
const,1
rôl,1
scèn,1
international,1
sû,1
cha,1
encor,1
ajout,1
réuss,2
ensembl,1
