an,9
plu,7
tou,6
fran,5
rform,4
dro,4
moyen,3
bon,3
peupl,3
prom,3
social,3
collectiv,3
commun,3
ral,3
cou,3
recul,2
dj,2
bien,2
seul,2
temp,2
chang,2
parl,2
un,2
attend,2
alloc,2
hu,2
pouvo,2
certain,2
grand,2
public,2
lo,2
forc,2
emplo,2
gal,2
gouvern,2
do,2
domin,2
politic,2
vol,2
vo,2
espo,2
travail,2
national,2
don,2
viv,2
pa,2
sala,2
nom,1
chacun,1
voulu,1
charg,1
besoin,1
peu,1
minimum,1
champ,1
pnal,1
renforc,1
prochain,1
interdicion,1
reconnu,1
enfin,1
afin,1
march,1
terrain,1
faon,1
sousmarin,1
gard,1
faim,1
mondial,1
soutien,1
dpend,1
fin,1
deuil,1
entendu,1
mtropol,1
outrem,1
trac,1
achv,1
concou,1
assembl,1
issu,1
lec,1
propo,1
men,1
conomic,1
individu,1
local,1
respec,1
responsabil,1
larg,1
quotidien,1
dmun,1
relan,1
consomm,1
sal,1
handicap,1
log,1
familial,1
aid,1
agricol,1
accabl,1
pend,1
successiv,1
ach,1
rattrap,1
ancien,1
imp,1
fortun,1
soc,1
inutil,1
rpressiv,1
gardien,1
gendarm,1
recru,1
rang,1
tranquil,1
campagn,1
mo,1
cinquim,1
semain,1
cong,1
facultativ,1
cumul,1
form,1
jeun,1
immig,1
femm,1
voul,1
nouveal,1
conven,1
chapp,1
tro,1
contractu,1
inform,1
ngoc,1
gagn,1
facul,1
initiativ,1
toujou,1
fiscal,1
frein,1
ag,1
cap,1
intrieu,1
distanc,1
distribu,1
croyezmo,1
infl,1
deho,1
pril,1
accumul,1
comm,1
depu,1
courag,1
hab,1
amou,1
sac,1
pourquo,1
dev,1
nousmm,1
septim,1
arm,1
dsarm,1
maintien,1
cepend,1
pu,1
europ,1
biento,1
cond,1
jam,1
dram,1
polon,1
contradic,1
pologn,1
prouvonsl,1
systm,1
opprim,1
dfend,1
indpend,1
sach,1
len,1
objectiv,1
principal,1
europen,1
parm,1
mond,1
rich,1
simpl,1
parc,1
trentetro,1
africain,1
venu,1
parol,1
av,1
chagrin,1
poid,1
sol,1
cercl,1
ensembl,1
red,1
insp,1
ac,1
rpublic,1
nouv,1
conom,1
augm,1
oubl,1
actu,1
janv,1
nerg,1
stratg,1
cho,1
malad,1
lib,1
entrepr,1
souh,1
permett,1
prop,1
pauv,1
tend,1
retr,1
mil,1
produ,1
effo,1
faud,1
enco,1
scu,1
aus,1
prem,1
histo,1
empor,1
ent,1
pen,1
pour,1
condu,1
dern,1
entreprend,1
aussi,1
rdu,1
e,1
dpar,1
dispo,1
diff,1
afv,1
ver,1
administ,1
popula,1
ncessa,1
crois,1
davan,1
vieil,1
appor,1
exploi,1
combat,1
rapat,1
esc,1
dbarr,1
i,1
gros,1
veil,1
vil,1
trimest,1
hebdomada,1
profession,1
garan,1
gnral,1
auxc,1
pier,1
angula,1
rpond,1
batail,1
mobil,1
nces,1
cons,1
ces,1
struc,1
reconqu,1
concur,1
trang,1
meil,1
vainc,1
repr,1
appar,1
danslecad,1
assu,1
dfen,1
ordon,1
const,1
nucla,1
fi,1
quil,1
dang,1
puis,1
coexis,1
par,1
qua,1
sor,1
yal,1
confond,1
insc,1
solida,1
refu,1
engend,1
jus,1
asp,1
mesu,1
aut,1
fa,1
entend,1
fo,1
lut,1
cont,1
mis,1
ord,1
monta,1
mat,1
so,1
heu,1
comp,1
discu,1
consta,1
quit,1
conn,1
souff,1
joyeu,1
famil,1
pe,1
catgo,1
indust,1
pat,1
al,1
conv,1
identiv,1
